ds;y
2015-01-01;0
2015-01-02;922
2015-01-03;1
2015-01-04;0
2015-01-05;932
2015-01-06;0
2015-01-07;1126
2015-01-08;1543
2015-01-09;1368
2015-01-10;2
2015-01-11;0
2015-01-12;1451
2015-01-13;1230
2015-01-14;1490
2015-01-15;1722
2015-01-16;1467
2015-01-17;3
2015-01-18;0
2015-01-19;1461
2015-01-20;1424
2015-01-21;1581
2015-01-22;1689
2015-01-23;1441
2015-01-24;3
2015-01-25;0
2015-01-26;1345
2015-01-27;1489
2015-01-28;1863
2015-01-29;2221
2015-01-30;2313
2015-01-31;13
2015-02-01;0
2015-02-02;1211
2015-02-03;1308
2015-02-04;1328
2015-02-05;1532
2015-02-06;1332
2015-02-07;1
2015-02-08;0
2015-02-09;1202
2015-02-10;1223
2015-02-11;1454
2015-02-12;1460
2015-02-13;1081
2015-02-14;1
2015-02-15;0
2015-02-16;1323
2015-02-17;1253
2015-02-18;1363
2015-02-19;1573
2015-02-20;1317
2015-02-21;3
2015-02-22;0
2015-02-23;1283
2015-02-24;1378
2015-02-25;1610
2015-02-26;2131
2015-02-27;2391
2015-02-28;4
2015-03-01;0
2015-03-02;1161
2015-03-03;1155
2015-03-04;1331
2015-03-05;1479
2015-03-06;1287
2015-03-07;1
2015-03-08;0
2015-03-09;1190
2015-03-10;1327
2015-03-11;1387
2015-03-12;1432
2015-03-13;1195
2015-03-14;0
2015-03-15;0
2015-03-16;1389
2015-03-17;1378
2015-03-18;1460
2015-03-19;1686
2015-03-20;1513
2015-03-21;2
2015-03-22;0
2015-03-23;1389
2015-03-24;1433
2015-03-25;1687
2015-03-26;1936
2015-03-27;2131
2015-03-28;3
2015-03-29;0
2015-03-30;2409
2015-03-31;2739
2015-04-01;1273
2015-04-02;1432
2015-04-03;834
2015-04-04;0
2015-04-05;0
2015-04-06;0
2015-04-07;921
2015-04-08;1137
2015-04-09;1297
2015-04-10;1325
2015-04-11;4
2015-04-12;0
2015-04-13;1099
2015-04-14;1307
2015-04-15;1215
2015-04-16;1387
2015-04-17;1215
2015-04-18;10
2015-04-19;0
2015-04-20;1164
2015-04-21;1229
2015-04-22;1418
2015-04-23;1567
2015-04-24;1451
2015-04-25;2
2015-04-26;0
2015-04-27;1531
2015-04-28;1787
2015-04-29;2271
2015-04-30;2182
2015-05-01;0
2015-05-02;0
2015-05-03;0
2015-05-04;943
2015-05-05;1111
2015-05-06;1099
2015-05-07;1410
2015-05-08;1188
2015-05-09;2
2015-05-10;0
2015-05-11;1123
2015-05-12;1177
2015-05-13;1214
2015-05-14;1489
2015-05-15;1356
2015-05-16;2
2015-05-17;0
2015-05-18;1120
2015-05-19;1227
2015-05-20;1287
2015-05-21;1369
2015-05-22;1283
2015-05-23;1
2015-05-24;0
2015-05-25;1245
2015-05-26;1400
2015-05-27;1691
2015-05-28;2290
2015-05-29;2668
2015-05-30;77
2015-05-31;0
2015-06-01;1192
2015-06-02;1317
2015-06-03;1389
2015-06-04;0
2015-06-05;579
2015-06-06;0
2015-06-07;0
2015-06-08;1060
2015-06-09;1261
2015-06-10;1293
2015-06-11;1530
2015-06-12;1303
2015-06-13;2
2015-06-14;0
2015-06-15;1291
2015-06-16;1372
2015-06-17;1428
2015-06-18;1447
2015-06-19;1290
2015-06-20;3
2015-06-21;0
2015-06-22;1332
2015-06-23;1514
2015-06-24;1751
2015-06-25;1921
2015-06-26;1915
2015-06-27;4
2015-06-28;0
2015-06-29;2052
2015-06-30;2584
2015-07-01;1292
2015-07-02;1469
2015-07-03;1184
2015-07-04;1
2015-07-05;0
2015-07-06;1200
2015-07-07;1305
2015-07-08;1248
2015-07-09;1396
2015-07-10;1202
2015-07-11;3
2015-07-12;0
2015-07-13;1101
2015-07-14;1236
2015-07-15;1284
2015-07-16;1495
2015-07-17;1145
2015-07-18;1
2015-07-19;0
2015-07-20;1032
2015-07-21;1115
2015-07-22;1180
2015-07-23;1426
2015-07-24;1230
2015-07-25;4
2015-07-26;0
2015-07-27;1122
2015-07-28;1374
2015-07-29;1568
2015-07-30;1839
2015-07-31;1727
2015-08-01;2
2015-08-02;0
2015-08-03;980
2015-08-04;1070
2015-08-05;1059
2015-08-06;1258
2015-08-07;1005
2015-08-08;3
2015-08-09;0
2015-08-10;966
2015-08-11;1100
2015-08-12;1139
2015-08-13;1183
2015-08-14;513
2015-08-15;0
2015-08-16;0
2015-08-17;908
2015-08-18;1048
2015-08-19;1074
2015-08-20;1210
2015-08-21;1088
2015-08-22;3
2015-08-23;0
2015-08-24;970
2015-08-25;1134
2015-08-26;1279
2015-08-27;1469
2015-08-28;1594
2015-08-29;28
2015-08-30;0
2015-08-31;1871
2015-09-01;753
2015-09-02;879
2015-09-03;1008
2015-09-04;977
2015-09-05;4
2015-09-06;0
2015-09-07;994
2015-09-08;966
2015-09-09;1017
2015-09-10;1154
2015-09-11;1003
2015-09-12;1
2015-09-13;0
2015-09-14;946
2015-09-15;958
2015-09-16;1086
2015-09-17;1275
2015-09-18;1219
2015-09-19;0
2015-09-20;0
2015-09-21;1250
2015-09-22;1244
2015-09-23;1365
2015-09-24;1467
2015-09-25;1524
2015-09-26;2
2015-09-27;0
2015-09-28;1725
2015-09-29;2143
2015-09-30;2646
2015-10-01;1153
2015-10-02;1104
2015-10-03;3
2015-10-04;0
2015-10-05;1032
2015-10-06;1090
2015-10-07;1246
2015-10-08;1290
2015-10-09;1194
2015-10-10;2
2015-10-11;0
2015-10-12;946
2015-10-13;1128
2015-10-14;1220
2015-10-15;1340
2015-10-16;1236
2015-10-17;2
2015-10-18;1
2015-10-19;1098
2015-10-20;1234
2015-10-21;1407
2015-10-22;1411
2015-10-23;1326
2015-10-24;2
2015-10-25;0
2015-10-26;1175
2015-10-27;1392
2015-10-28;1816
2015-10-29;2196
2015-10-30;2454
2015-10-31;14
2015-11-01;0
2015-11-02;971
2015-11-03;1157
2015-11-04;1255
2015-11-05;1352
2015-11-06;1303
2015-11-07;6
2015-11-08;0
2015-11-09;1275
2015-11-10;1202
2015-11-11;0
2015-11-12;1237
2015-11-13;1146
2015-11-14;1
2015-11-15;0
2015-11-16;1179
2015-11-17;1308
2015-11-18;1539
2015-11-19;1632
2015-11-20;1512
2015-11-21;9
2015-11-22;0
2015-11-23;1457
2015-11-24;1561
2015-11-25;1816
2015-11-26;2274
2015-11-27;2501
2015-11-28;136
2015-11-29;0
2015-11-30;2844
2015-12-01;1274
2015-12-02;1478
2015-12-03;1489
2015-12-04;1473
2015-12-05;3
2015-12-06;1
2015-12-07;1387
2015-12-08;1505
2015-12-09;1653
2015-12-10;1817
2015-12-11;1740
2015-12-12;6
2015-12-13;0
2015-12-14;1678
2015-12-15;1690
2015-12-16;1869
2015-12-17;2237
2015-12-18;2072
2015-12-19;7
2015-12-20;0
2015-12-21;2215
2015-12-22;2223
2015-12-23;1919
2015-12-24;52
2015-12-25;0
2015-12-26;0
2015-12-27;0
2015-12-28;1933
2015-12-29;2581
2015-12-30;2764
2015-12-31;765
2016-01-01;0
2016-01-02;1
2016-01-03;0
2016-01-04;1374
2016-01-05;1373
2016-01-06;0
2016-01-07;1590
2016-01-08;1480
2016-01-09;4
2016-01-10;0
2016-01-11;1618
2016-01-12;1542
2016-01-13;1563
2016-01-14;1843
2016-01-15;1632
2016-01-16;5
2016-01-17;0
2016-01-18;1558
2016-01-19;1509
2016-01-20;1517
2016-01-21;1812
2016-01-22;1561
2016-01-23;6
2016-01-24;0
2016-01-25;1606
2016-01-26;1583
2016-01-27;1957
2016-01-28;2380
2016-01-29;2447
2016-01-30;8
2016-01-31;0
2016-02-01;1336
2016-02-02;1364
2016-02-03;1599
2016-02-04;1725
2016-02-05;1566
2016-02-06;6
2016-02-07;0
2016-02-08;1325
2016-02-09;1358
2016-02-10;1553
2016-02-11;1585
2016-02-12;1562
2016-02-13;1
2016-02-14;1
2016-02-15;1378
2016-02-16;1349
2016-02-17;1513
2016-02-18;1730
2016-02-19;1580
2016-02-20;3
2016-02-21;0
2016-02-22;1462
2016-02-23;1554
2016-02-24;1689
2016-02-25;1970
2016-02-26;2071
2016-02-27;5
2016-02-28;0
2016-02-29;2562
2016-03-01;1268
2016-03-02;1543
2016-03-03;1756
2016-03-04;1491
2016-03-05;3
2016-03-06;0
2016-03-07;1391
2016-03-08;1447
2016-03-09;1617
2016-03-10;1646
2016-03-11;1626
2016-03-12;1
2016-03-13;0
2016-03-14;1442
2016-03-15;1595
2016-03-16;1848
2016-03-17;1915
2016-03-18;1660
2016-03-19;7
2016-03-20;0
2016-03-21;1833
2016-03-22;1989
2016-03-23;2209
2016-03-24;2250
2016-03-25;1545
2016-03-26;0
2016-03-27;0
2016-03-28;1
2016-03-29;1495
2016-03-30;2623
2016-03-31;3252
2016-04-01;1222
2016-04-02;1
2016-04-03;0
2016-04-04;1338
2016-04-05;1323
2016-04-06;1410
2016-04-07;1798
2016-04-08;1487
2016-04-09;4
2016-04-10;0
2016-04-11;1498
2016-04-12;1415
2016-04-13;1321
2016-04-14;1553
2016-04-15;1393
2016-04-16;6
2016-04-17;0
2016-04-18;1531
2016-04-19;1605
2016-04-20;1579
2016-04-21;1855
2016-04-22;1759
2016-04-23;84
2016-04-24;0
2016-04-25;1532
2016-04-26;1708
2016-04-27;2074
2016-04-28;2659
2016-04-29;2607
2016-04-30;10
2016-05-01;0
2016-05-02;455
2016-05-03;0
2016-05-04;1058
2016-05-05;1544
2016-05-06;1464
2016-05-07;0
2016-05-08;0
2016-05-09;1441
2016-05-10;1574
2016-05-11;1591
2016-05-12;1819
2016-05-13;1431
2016-05-14;7
2016-05-15;0
2016-05-16;1493
2016-05-17;1651
2016-05-18;1758
2016-05-19;1951
2016-05-20;1704
2016-05-21;6
2016-05-22;0
2016-05-23;1556
2016-05-24;2142
2016-05-25;2098
2016-05-26;0
2016-05-27;1102
2016-05-28;2
2016-05-29;0
2016-05-30;2374
2016-05-31;2949
2016-06-01;1313
2016-06-02;1598
2016-06-03;1412
2016-06-04;10
2016-06-05;0
2016-06-06;1311
2016-06-07;1631
2016-06-08;1564
2016-06-09;1882
2016-06-10;1530
2016-06-11;7
2016-06-12;0
2016-06-13;1320
2016-06-14;1702
2016-06-15;1784
2016-06-16;1743
2016-06-17;1492
2016-06-18;5
2016-06-19;0
2016-06-20;1666
2016-06-21;1553
2016-06-22;1933
2016-06-23;2046
2016-06-24;1780
2016-06-25;3
2016-06-26;0
2016-06-27;1891
2016-06-28;2083
2016-06-29;2560
2016-06-30;2945
2016-07-01;1303
2016-07-02;1
2016-07-03;0
2016-07-04;1213
2016-07-05;1495
2016-07-06;1542
2016-07-07;1644
2016-07-08;1419
2016-07-09;3
2016-07-10;0
2016-07-11;1246
2016-07-12;1384
2016-07-13;1408
2016-07-14;1636
2016-07-15;1347
2016-07-16;3
2016-07-17;0
2016-07-18;1193
2016-07-19;1443
2016-07-20;1517
2016-07-21;1607
2016-07-22;1473
2016-07-23;8
2016-07-24;0
2016-07-25;1296
2016-07-26;1360
2016-07-27;1672
2016-07-28;2080
2016-07-29;2195
2016-07-30;6
2016-07-31;0
2016-08-01;961
2016-08-02;1027
2016-08-03;1176
2016-08-04;1393
2016-08-05;1158
2016-08-06;1
2016-08-07;0
2016-08-08;1043
2016-08-09;1187
2016-08-10;1134
2016-08-11;1319
2016-08-12;1024
2016-08-13;1
2016-08-14;0
2016-08-15;0
2016-08-16;861
2016-08-17;1016
2016-08-18;1360
2016-08-19;1225
2016-08-20;1
2016-08-21;0
2016-08-22;1213
2016-08-23;1234
2016-08-24;1349
2016-08-25;1631
2016-08-26;1342
2016-08-27;4
2016-08-28;0
2016-08-29;1501
2016-08-30;1987
2016-08-31;2377
2016-09-01;1266
2016-09-02;1111
2016-09-03;1
2016-09-04;0
2016-09-05;1102
2016-09-06;1158
2016-09-07;1282
2016-09-08;1250
2016-09-09;1184
2016-09-10;2
2016-09-11;0
2016-09-12;1095
2016-09-13;1266
2016-09-14;1231
2016-09-15;1507
2016-09-16;1421
2016-09-17;3
2016-09-18;0
2016-09-19;1177
2016-09-20;1264
2016-09-21;1391
2016-09-22;1617
2016-09-23;1393
2016-09-24;3
2016-09-25;0
2016-09-26;1599
2016-09-27;1759
2016-09-28;2120
2016-09-29;2854
2016-09-30;2826
2016-10-01;2
2016-10-02;0
2016-10-03;1024
2016-10-04;1232
2016-10-05;1412
2016-10-06;1413
2016-10-07;1384
2016-10-08;5
2016-10-09;0
2016-10-10;1248
2016-10-11;1285
2016-10-12;1437
2016-10-13;1476
2016-10-14;1385
2016-10-15;3
2016-10-16;0
2016-10-17;1205
2016-10-18;1453
2016-10-19;1486
2016-10-20;1700
2016-10-21;1568
2016-10-22;4
2016-10-23;0
2016-10-24;1391
2016-10-25;1663
2016-10-26;1907
2016-10-27;2370
2016-10-28;2528
2016-10-29;6
2016-10-30;0
2016-10-31;1852
2016-11-01;0
2016-11-02;1129
2016-11-03;1314
2016-11-04;1468
2016-11-05;2
2016-11-06;0
2016-11-07;1389
2016-11-08;1638
2016-11-09;1734
2016-11-10;1635
2016-11-11;0
2016-11-12;3
2016-11-13;0
2016-11-14;1518
2016-11-15;1731
2016-11-16;1767
2016-11-17;1923
2016-11-18;1849
2016-11-19;5
2016-11-20;0
2016-11-21;1573
2016-11-22;1805
2016-11-23;2034
2016-11-24;2469
2016-11-25;2141
2016-11-26;10
2016-11-27;0
2016-11-28;2230
2016-11-29;2825
2016-11-30;3210
2016-12-01;1683
2016-12-02;1630
2016-12-03;3
2016-12-04;0
2016-12-05;1733
2016-12-06;1950
2016-12-07;1942
2016-12-08;1941
2016-12-09;1845
2016-12-10;3
2016-12-11;0
2016-12-12;1734
2016-12-13;1783
2016-12-14;2005
2016-12-15;2320
2016-12-16;2143
2016-12-17;11
2016-12-18;0
2016-12-19;2223
2016-12-20;2385
2016-12-21;2564
2016-12-22;2801
2016-12-23;1688
2016-12-24;0
2016-12-25;0
2016-12-26;0
2016-12-27;1684
2016-12-28;2361
2016-12-29;2922
2016-12-30;2635
2016-12-31;3
2017-01-01;1
2017-01-02;1467
2017-01-03;1638
2017-01-04;1795
2017-01-05;1694
2017-01-06;0
2017-01-07;3
2017-01-08;0
2017-01-09;1621
2017-01-10;1632
2017-01-11;1794
2017-01-12;1880
2017-01-13;1584
2017-01-14;3
2017-01-15;0
2017-01-16;1656
2017-01-17;1658
2017-01-18;1905
2017-01-19;1840
2017-01-20;1644
2017-01-21;13
2017-01-22;0
2017-01-23;1606
2017-01-24;1643
2017-01-25;1921
2017-01-26;2149
2017-01-27;2027
2017-01-28;4
2017-01-29;0
2017-01-30;2220
2017-01-31;2859
2017-02-01;1591
2017-02-02;1743
2017-02-03;1587
2017-02-04;3
2017-02-05;0
2017-02-06;1641
2017-02-07;1687
2017-02-08;1802
2017-02-09;1850
2017-02-10;1715
2017-02-11;5
2017-02-12;0
2017-02-13;1554
2017-02-14;1864
2017-02-15;1828
2017-02-16;2000
2017-02-17;1788
2017-02-18;11
2017-02-19;0
2017-02-20;1696
2017-02-21;1879
2017-02-22;1953
2017-02-23;2360
2017-02-24;2022
2017-02-25;8
2017-02-26;0
2017-02-27;2698
2017-02-28;3346
2017-03-01;1753
2017-03-02;1826
2017-03-03;1589
2017-03-04;3
2017-03-05;0
2017-03-06;1688
2017-03-07;1883
2017-03-08;1866
2017-03-09;1978
2017-03-10;1716
2017-03-11;2
2017-03-12;1
2017-03-13;1603
2017-03-14;2113
2017-03-15;2105
2017-03-16;1782
2017-03-17;1935
2017-03-18;4
2017-03-19;0
2017-03-20;1973
2017-03-21;1920
2017-03-22;2230
2017-03-23;2351
2017-03-24;2139
2017-03-25;67
2017-03-26;0
2017-03-27;1738
2017-03-28;2378
2017-03-29;3055
2017-03-30;4021
2017-03-31;3972
2017-04-01;4
2017-04-02;0
2017-04-03;1487
2017-04-04;1623
2017-04-05;1873
2017-04-06;1839
2017-04-07;1862
2017-04-08;5
2017-04-09;0
2017-04-10;1827
2017-04-11;2044
2017-04-12;2143
2017-04-13;2283
2017-04-14;1402
2017-04-15;0
2017-04-16;0
2017-04-17;0
2017-04-18;1312
2017-04-19;1759
2017-04-20;2112
2017-04-21;1887
2017-04-22;79
2017-04-23;0
2017-04-24;1974
2017-04-25;2203
2017-04-26;2800
2017-04-27;3704
2017-04-28;3415
2017-04-29;51
2017-04-30;0
2017-05-01;0
2017-05-02;418
2017-05-03;0
2017-05-04;1219
2017-05-05;1245
2017-05-06;1
2017-05-07;1
2017-05-08;1691
2017-05-09;1712
2017-05-10;1892
2017-05-11;2203
2017-05-12;1682
2017-05-13;11
2017-05-14;0
2017-05-15;1730
2017-05-16;1686
2017-05-17;1822
2017-05-18;1997
2017-05-19;1691
2017-05-20;8
2017-05-21;0
2017-05-22;1655
2017-05-23;1938
2017-05-24;2114
2017-05-25;2476
2017-05-26;2124
2017-05-27;6
2017-05-28;0
2017-05-29;2396
2017-05-30;2927
2017-05-31;3306
2017-06-01;1651
2017-06-02;1520
2017-06-03;1
2017-06-04;0
2017-06-05;1585
2017-06-06;1562
2017-06-07;1807
2017-06-08;1732
2017-06-09;1764
2017-06-10;5
2017-06-11;0
2017-06-12;1760
2017-06-13;1716
2017-06-14;1814
2017-06-15;0
2017-06-16;823
2017-06-17;1
2017-06-18;0
2017-06-19;1519
2017-06-20;1806
2017-06-21;2031
2017-06-22;2285
2017-06-23;1893
2017-06-24;8
2017-06-25;0
2017-06-26;2265
2017-06-27;2595
2017-06-28;3187
2017-06-29;3733
2017-06-30;3067
2017-07-01;1
2017-07-02;0
2017-07-03;1647
2017-07-04;1749
2017-07-05;1808
2017-07-06;1730
2017-07-07;1641
2017-07-08;7
2017-07-09;0
2017-07-10;1484
2017-07-11;1682
2017-07-12;1621
2017-07-13;1722
2017-07-14;1683
2017-07-15;0
2017-07-16;0
2017-07-17;1328
2017-07-18;1585
2017-07-19;1795
2017-07-20;1789
2017-07-21;1521
2017-07-22;2
2017-07-23;0
2017-07-24;1383
2017-07-25;1661
2017-07-26;1979
2017-07-27;2050
2017-07-28;2392
2017-07-29;20
2017-07-30;0
2017-07-31;2752
2017-08-01;1251
2017-08-02;1460
2017-08-03;1492
2017-08-04;1278
2017-08-05;2
2017-08-06;0
2017-08-07;1280
2017-08-08;1287
2017-08-09;1419
2017-08-10;1591
2017-08-11;1385
2017-08-12;6
2017-08-13;0
2017-08-14;634
2017-08-15;0
2017-08-16;1039
2017-08-17;1273
2017-08-18;1469
2017-08-19;4
2017-08-20;0
2017-08-21;1409
2017-08-22;1376
2017-08-23;1622
2017-08-24;1693
2017-08-25;1557
2017-08-26;8
2017-08-27;0
2017-08-28;1707
2017-08-29;2208
2017-08-30;3098
2017-08-31;3157
2017-09-01;1232
2017-09-02;5
2017-09-03;0
2017-09-04;1158
2017-09-05;1403
2017-09-06;1336
2017-09-07;1560
2017-09-08;1314
2017-09-09;2
2017-09-10;0
2017-09-11;1215
2017-09-12;1371
2017-09-13;1492
2017-09-14;1569
2017-09-15;1420
2017-09-16;0
2017-09-17;0
2017-09-18;1324
2017-09-19;1670
2017-09-20;1551
2017-09-21;1891
2017-09-22;1695
2017-09-23;2
2017-09-24;0
2017-09-25;1972
2017-09-26;2175
2017-09-27;2685
2017-09-28;3512
2017-09-29;3734
2017-09-30;8
2017-10-01;0
2017-10-02;1417
2017-10-03;1549
2017-10-04;1675
2017-10-05;1576
2017-10-06;1565
2017-10-07;97
2017-10-08;0
2017-10-09;1449
2017-10-10;1545
2017-10-11;1621
2017-10-12;1750
2017-10-13;1490
2017-10-14;75
2017-10-15;0
2017-10-16;1520
2017-10-17;1504
2017-10-18;1745
2017-10-19;1896
2017-10-20;1675
2017-10-21;2
2017-10-22;0
2017-10-23;1559
2017-10-24;1906
2017-10-25;2030
2017-10-26;2400
2017-10-27;2468
2017-10-28;7
2017-10-29;0
2017-10-30;2939
2017-10-31;3259
2017-11-01;0
2017-11-02;1353
2017-11-03;1555
2017-11-04;79
2017-11-05;0
2017-11-06;1512
2017-11-07;1618
2017-11-08;1967
2017-11-09;2277
2017-11-10;1412
2017-11-11;0
2017-11-12;3
2017-11-13;909
2017-11-14;1448
2017-11-15;1542
2017-11-16;1668
2017-11-17;1892
2017-11-18;12
2017-11-19;0
2017-11-20;2142
2017-11-21;2210
2017-11-22;2294
2017-11-23;2382
2017-11-24;2226
2017-11-25;3
2017-11-26;0
2017-11-27;2392
2017-11-28;2781
2017-11-29;3325
2017-11-30;3585
2017-12-01;1908
2017-12-02;5
2017-12-03;0
2017-12-04;1968
2017-12-05;2060
2017-12-06;2338
2017-12-07;2510
2017-12-08;2292
2017-12-09;117
2017-12-10;0
2017-12-11;2174
2017-12-12;2354
2017-12-13;2157
2017-12-14;2510
2017-12-15;2352
2017-12-16;12
2017-12-17;0
2017-12-18;2538
2017-12-19;3096
2017-12-20;3329
2017-12-21;3514
2017-12-22;2628
2017-12-23;2
2017-12-24;0
2017-12-25;0
2017-12-26;0
2017-12-27;2186
2017-12-28;3334
2017-12-29;2814
2017-12-30;33
2017-12-31;0
2018-01-01;0
2018-01-02;931
2018-01-03;1949
2018-01-04;2195
2018-01-05;1887
2018-01-06;0
2018-01-07;0
2018-01-08;1953
2018-01-09;2093
2018-01-10;2378
2018-01-11;2425
2018-01-12;1958
2018-01-13;15
2018-01-14;0
2018-01-15;2000
2018-01-16;1997
2018-01-17;2056
2018-01-18;2264
2018-01-19;1820
2018-01-20;10
2018-01-21;0
2018-01-22;1837
2018-01-23;1922
2018-01-24;2104
2018-01-25;2327
2018-01-26;1896
2018-01-27;12
2018-01-28;0
2018-01-29;2268
2018-01-30;2821
2018-01-31;3223
2018-02-01;1916
2018-02-02;1739
2018-02-03;2
2018-02-04;0
2018-02-05;1782
2018-02-06;1878
2018-02-07;1984
2018-02-08;2121
2018-02-09;1763
2018-02-10;9
2018-02-11;0
2018-02-12;1739
2018-02-13;1895
2018-02-14;1964
2018-02-15;2101
2018-02-16;1985
2018-02-17;3
2018-02-18;1
2018-02-19;1651
2018-02-20;1966
2018-02-21;2077
2018-02-22;2536
2018-02-23;2167
2018-02-24;12
2018-02-25;0
2018-02-26;2333
2018-02-27;3072
2018-02-28;3683
2018-03-01;2201
2018-03-02;1960
2018-03-03;8
2018-03-04;0
2018-03-05;1880
2018-03-06;1947
2018-03-07;2024
2018-03-08;2216
2018-03-09;1814
2018-03-10;5
2018-03-11;0
2018-03-12;1764
2018-03-13;1880
2018-03-14;2149
2018-03-15;2259
2018-03-16;1980
2018-03-17;8
2018-03-18;0
2018-03-19;1984
2018-03-20;2119
2018-03-21;2280
2018-03-22;2504
2018-03-23;2427
2018-03-24;5
2018-03-25;0
2018-03-26;2690
2018-03-27;3403
2018-03-28;3934
2018-03-29;4374
2018-03-30;2182
2018-03-31;1
2018-04-01;0
2018-04-02;1
2018-04-03;1529
2018-04-04;1920
2018-04-05;2240
2018-04-06;2046
2018-04-07;8
2018-04-08;0
2018-04-09;1840
2018-04-10;1881
2018-04-11;2123
2018-04-12;2233
2018-04-13;1959
2018-04-14;2
2018-04-15;0
2018-04-16;1828
2018-04-17;1903
2018-04-18;2133
2018-04-19;2354
2018-04-20;1905
2018-04-21;9
2018-04-22;0
2018-04-23;2007
2018-04-24;2369
2018-04-25;2988
2018-04-26;3506
2018-04-27;3535
2018-04-28;29
2018-04-29;0
2018-04-30;2757
2018-05-01;0
2018-05-02;884
2018-05-03;0
2018-05-04;820
2018-05-05;2
2018-05-06;0
2018-05-07;1452
2018-05-08;1886
2018-05-09;1849
2018-05-10;2120
2018-05-11;1758
2018-05-12;4
2018-05-13;0
2018-05-14;1918
2018-05-15;2067
2018-05-16;1982
2018-05-17;2154
2018-05-18;1845
2018-05-19;2
2018-05-20;0
2018-05-21;1971
2018-05-22;2171
2018-05-23;2288
2018-05-24;2665
2018-05-25;2264
2018-05-26;4
2018-05-27;1
2018-05-28;2813
2018-05-29;3674
2018-05-30;4054
2018-05-31;0
2018-06-01;1016
2018-06-02;4
2018-06-03;0
2018-06-04;1484
2018-06-05;1856
2018-06-06;1883
2018-06-07;2127
2018-06-08;1763
2018-06-09;26
2018-06-10;0
2018-06-11;1766
2018-06-12;1102
2018-06-13;2153
2018-06-14;2206
2018-06-15;1953
2018-06-16;7
2018-06-17;0
2018-06-18;1958
2018-06-19;2271
2018-06-20;2280
2018-06-21;2560
2018-06-22;1983
2018-06-23;4
2018-06-24;0
2018-06-25;2232
2018-06-26;2769
2018-06-27;3453
2018-06-28;3741
2018-06-29;3769
2018-06-30;36
2018-07-01;0
2018-07-02;1628
2018-07-03;1936
2018-07-04;1857
2018-07-05;1961
2018-07-06;1816
2018-07-07;5
2018-07-08;0
2018-07-09;1721
2018-07-10;1887
2018-07-11;2060
2018-07-12;1970
2018-07-13;1870
2018-07-14;4
2018-07-15;0
2018-07-16;1924
2018-07-17;2117
2018-07-18;2077
2018-07-19;2209
2018-07-20;2163
2018-07-21;36
2018-07-22;1
2018-07-23;1883
2018-07-24;2132
2018-07-25;2115
2018-07-26;2752
2018-07-27;2458
2018-07-28;26
2018-07-29;0
2018-07-30;2885
2018-07-31;3130
2018-08-01;1946
2018-08-02;1931
2018-08-03;1604
2018-08-04;10
2018-08-05;0
2018-08-06;1766
2018-08-07;2087
2018-08-08;2408
2018-08-09;2670
2018-08-10;2480
2018-08-11;135
2018-08-12;0
2018-08-13;2349
2018-08-14;2574
2018-08-15;0
2018-08-16;2748
2018-08-17;2225
2018-08-18;123
2018-08-19;0
2018-08-20;2514
2018-08-21;3077
2018-08-22;3319
2018-08-23;3379
2018-08-24;2832
2018-08-25;188
2018-08-26;0
2018-08-27;2904
2018-08-28;3320
2018-08-29;3235
2018-08-30;3049
2018-08-31;2147
2018-09-01;3
2018-09-02;0
2018-09-03;425
2018-09-04;609
2018-09-05;668
2018-09-06;908
2018-09-07;937
2018-09-08;3
2018-09-09;0
2018-09-10;969
2018-09-11;1065
2018-09-12;1142
2018-09-13;1274
2018-09-14;1218
2018-09-15;4
2018-09-16;0
2018-09-17;1226
2018-09-18;1410
2018-09-19;1495
2018-09-20;1598
2018-09-21;1387
2018-09-22;5
2018-09-23;0
2018-09-24;1465
2018-09-25;1815
2018-09-26;2279
2018-09-27;2818
2018-09-28;2913
2018-09-29;7
2018-09-30;0
2018-10-01;1287
2018-10-02;1337
2018-10-03;1345
2018-10-04;1644
2018-10-05;1412
2018-10-06;2
2018-10-07;0
2018-10-08;1300
2018-10-09;1386
2018-10-10;1560
2018-10-11;1610
2018-10-12;1395
2018-10-13;3
2018-10-14;0
2018-10-15;1535
2018-10-16;1593
2018-10-17;1762
2018-10-18;1891
2018-10-19;1588
2018-10-20;3
2018-10-21;0
2018-10-22;1522
2018-10-23;1741
2018-10-24;1911
2018-10-25;2107
2018-10-26;2055
2018-10-27;6
2018-10-28;0
2018-10-29;2462
2018-10-30;2922
2018-10-31;2886
2018-11-01;0
2018-11-02;1002
2018-11-03;3
2018-11-04;0
2018-11-05;1541
2018-11-06;1620
2018-11-07;1761
2018-11-08;2072
2018-11-09;1824
2018-11-10;6
2018-11-11;0
2018-11-12;0
2018-11-13;1750
2018-11-14;1953
2018-11-15;2145
2018-11-16;2029
2018-11-17;34
2018-11-18;0
2018-11-19;2020
2018-11-20;2127
2018-11-21;2300
2018-11-22;2416
2018-11-23;2145
2018-11-24;4
2018-11-25;0
2018-11-26;2379
2018-11-27;2544
2018-11-28;3044
2018-11-29;3653
2018-11-30;3166
2018-12-01;6
2018-12-02;0
2018-12-03;1831
2018-12-04;1901
2018-12-05;2310
2018-12-06;2291
2018-12-07;2060
2018-12-08;45
2018-12-09;0
2018-12-10;2286
2018-12-11;2332
2018-12-12;2376
2018-12-13;2712
2018-12-14;2580
2018-12-15;85
2018-12-16;1
2018-12-17;2666
2018-12-18;2900
2018-12-19;3317
2018-12-20;3566
2018-12-21;3430
2018-12-22;19
2018-12-23;0
2018-12-24;649
2018-12-25;0
2018-12-26;0
2018-12-27;2465
2018-12-28;2365
2018-12-29;30
2018-12-30;1
2018-12-31;1409
2019-01-01;0
2019-01-02;1519
2019-01-03;1887
2019-01-04;2082
2019-01-05;2
2019-01-06;1
2019-01-07;2085
2019-01-08;2163
2019-01-09;2286
2019-01-10;2165
2019-01-11;1819
2019-01-12;8
2019-01-13;0
2019-01-14;1969
2019-01-15;1765
2019-01-16;1914
2019-01-17;2139
2019-01-18;1907
2019-01-19;10
2019-01-20;0
2019-01-21;1836
2019-01-22;1856
2019-01-23;1849
2019-01-24;2365
2019-01-25;1969
2019-01-26;11
2019-01-27;0
2019-01-28;2182
2019-01-29;2401
2019-01-30;2882
2019-01-31;3163
2019-02-01;1602
2019-02-02;1
2019-02-03;0
2019-02-04;1664
2019-02-05;1901
2019-02-06;1960
2019-02-07;2078
2019-02-08;1685
2019-02-09;6
2019-02-10;0
2019-02-11;1738
2019-02-12;1985
2019-02-13;1925
2019-02-14;2246
2019-02-15;1832
2019-02-16;18
2019-02-17;0
2019-02-18;1964
2019-02-19;2117
2019-02-20;2220
2019-02-21;2437
2019-02-22;2089
2019-02-23;9
2019-02-24;0
2019-02-25;2381
2019-02-26;2767
2019-02-27;3622
2019-02-28;3843
2019-03-01;1801
2019-03-02;3
2019-03-03;0
2019-03-04;1648
2019-03-05;1996
2019-03-06;2053
2019-03-07;2211
2019-03-08;1859
2019-03-09;7
2019-03-10;0
2019-03-11;2145
2019-03-12;2099
2019-03-13;2008
2019-03-14;2438
2019-03-15;2055
2019-03-16;9
2019-03-17;0
2019-03-18;2040
2019-03-19;2235
2019-03-20;2312
2019-03-21;2411
2019-03-22;2131
2019-03-23;5
2019-03-24;0
2019-03-25;2456
2019-03-26;2944
2019-03-27;3576
2019-03-28;4311
2019-03-29;3665
2019-03-30;9
2019-03-31;0
2019-04-01;1806
2019-04-02;2098
2019-04-03;2132
2019-04-04;2187
2019-04-05;1784
2019-04-06;3
2019-04-07;0
2019-04-08;1960
2019-04-09;2036
2019-04-10;2081
2019-04-11;2287
2019-04-12;1928
2019-04-13;21
2019-04-14;1
2019-04-15;1974
2019-04-16;2302
2019-04-17;2462
2019-04-18;2452
2019-04-19;1567
2019-04-20;1
2019-04-21;0
2019-04-22;0
2019-04-23;1694
2019-04-24;2327
2019-04-25;2638
2019-04-26;2762
2019-04-27;17
2019-04-28;0
2019-04-29;3113
2019-04-30;3138
2019-05-01;0
2019-05-02;741
2019-05-03;0
2019-05-04;2
2019-05-05;0
2019-05-06;1731
2019-05-07;2021
2019-05-08;2183
2019-05-09;2304
2019-05-10;2136
2019-05-11;10
2019-05-12;0
2019-05-13;1988
2019-05-14;2151
2019-05-15;2108
2019-05-16;2432
2019-05-17;1897
2019-05-18;4
2019-05-19;0
2019-05-20;2015
2019-05-21;2310
2019-05-22;2250
2019-05-23;2431
2019-05-24;2243
2019-05-25;7
2019-05-26;0
2019-05-27;2204
2019-05-28;2604
2019-05-29;3087
2019-05-30;3663
2019-05-31;3091
2019-06-01;3
2019-06-02;0
2019-06-03;1870
2019-06-04;2020
2019-06-05;2091
2019-06-06;2154
2019-06-07;1941
2019-06-08;3
2019-06-09;0
2019-06-10;2015
2019-06-11;2081
2019-06-12;2113
2019-06-13;2208
2019-06-14;2125
2019-06-15;6
2019-06-16;0
2019-06-17;2392
2019-06-18;2520
2019-06-19;2387
2019-06-20;0
2019-06-21;1378
2019-06-22;4
2019-06-23;0
2019-06-24;2172
2019-06-25;2681
2019-06-26;3366
2019-06-27;4269
2019-06-28;3714
2019-06-29;119
2019-06-30;0
2019-07-01;1963
2019-07-02;2165
2019-07-03;2145
2019-07-04;2215
2019-07-05;1869
2019-07-06;5
2019-07-07;0
2019-07-08;2134
2019-07-09;2131
2019-07-10;2033
2019-07-11;2288
2019-07-12;2039
2019-07-13;4
2019-07-14;0
2019-07-15;1691
2019-07-16;1978
2019-07-17;1848
2019-07-18;2091
2019-07-19;1749
2019-07-20;4
2019-07-21;0
2019-07-22;1820
2019-07-23;2006
2019-07-24;2044
2019-07-25;2456
2019-07-26;2103
2019-07-27;22
2019-07-28;0
2019-07-29;2239
2019-07-30;3240
2019-07-31;3233
2019-08-01;1929
2019-08-02;1746
2019-08-03;2
2019-08-04;0
2019-08-05;1732
2019-08-06;1766
2019-08-07;1896
2019-08-08;2065
2019-08-09;1787
2019-08-10;87
2019-08-11;0
2019-08-12;2008
2019-08-13;2180
2019-08-14;2222
2019-08-15;0
2019-08-16;1080
2019-08-17;54
2019-08-18;0
2019-08-19;1824
2019-08-20;2216
2019-08-21;2401
2019-08-22;2765
2019-08-23;2463
2019-08-24;76
2019-08-25;0
2019-08-26;2583
2019-08-27;3150
2019-08-28;3576
2019-08-29;3890
2019-08-30;2857
2019-08-31;144
2019-09-01;0
2019-09-02;827
2019-09-03;862
2019-09-04;917
2019-09-05;951
2019-09-06;807
2019-09-07;5
2019-09-08;0
2019-09-09;883
2019-09-10;1287
2019-09-11;1560
2019-09-12;1834
2019-09-13;1618
2019-09-14;3
2019-09-15;0
2019-09-16;1450
2019-09-17;1685
2019-09-18;1747
2019-09-19;1837
2019-09-20;1616
2019-09-21;2
2019-09-22;0
2019-09-23;1835
2019-09-24;2091
2019-09-25;2306
2019-09-26;2634
2019-09-27;3096
2019-09-28;145
2019-09-29;0
2019-09-30;3726
